1,CBR300R,10,

1,CBR500R,10,

1,CBR600RR,10,

1,CBR650F,10,

1,NC700X,10,

1,XR650L,10,

1,VFR 750F,10,

1,CBR300RA,10,

1,CBR500RA,10,

1,CRF450R,10,

1,CRF250R,10,

1,CRF150F,10,

1,CB500XL-CB500X,10,

1,CMX250-REBEL,10,

1,CTX700NL-CTX700N,10,

1,VT750C-SHADOW AERO,10,

1,VT1300CX-FURY,10,

1,VT1300CR-STATELINE,10,

1,CBR1000S/CBR1000RR,10,

2,GSF1250S,10,

2,GSX650F,10,

2,GSX1300RR,10,

2,GSX-R1000AL,10,

2,DR-Z400SM,10,

2,GSX600F,10,

2,GSF600S,10,

2,SV650/SV650S,10,

2,RM125,10,

2,RM250,10,

2,RM-Z250,10,

2,RM-Z450,10,

2,DR650SE,10,

2,GSX-R600,10,

2,GSX-R750,10,

2,GSX-R1000,10,

2,VZ800,10,

2,VZR1800,10,

2,GS500FK,10,

2,DL1000K,10,

3,YZF-R6,10,

3,YZF-R1,10,

3,FZ6R,10,

3,XVS13A,10,

3,FJR13A,10,

3,XVS95C,10,

3,FZ09,10,

3,XVS65,10,

3,YFZ450R,10,

3,XV19C,10,

3,XVS13C,10,

3,FZ07,10,

3,SR400,10,

3,YFZR3,10,

4,Trophy,10,

4,Daytona,10,

4,Trident,10,

4,Sprint,10,

4,Tiger,10,

4,Legend,10,

4,Adventurer,10,

4,Thunderbird,10,

4,Speed Triple,10,

4,Speed Four,10,

4,America,10,

4,Bonneville,10,

4,SpeedMaster,10,

4,Scrambler,10,

4,Thruxton,10,

4,Rocket III,10,

4,Street Triple,10,

4,TT600,10,

4,Street Twin,10,

4,Explorer,10,

4,Street Cup,10,

5,Switchback,10,

5,V-Rod,10,

5,Softail,10,

5,Fat Boy,10,

5,Road King,10,

5,Street Glide,10,

5,Road Glide Special,10,

5,Dyna Street Bob,10,

5,Dyna Fat Bob,10,

5,Dyna Wide Glide,10,

5,Sportster 1200,10,

5,Sportster XL883,10,

5,Electra Glide,10,

6,Multistrada,10,

6,Monster,10,

6,Hypermotard,10,

6,Streetfighter,10,

6,Diavel,10,

6,Scrambler 800,10,

6,Superbike,10,

7,Cross Roads,10,

7,Cross Country,10,

7,Vegas,10,

7,Gunner,10,

7,Judge,10,

7,Boardwalk,10,

7,Vision Tour,10,

7,Cross Country Tour,10,

7,Magnum,10,

7,High-Ball,10,

7,Jackpot,10,

7,Ness Magnum,10,

7,Hammer,10,

7,Cross Country LE,10,

7,Magnum X-1,10,

8,Vulcan 2000,10,

8,Vulcan 1600,10,

8,Vulcan 1500,10,

8,Z1000,10,

8,Ninja ZX-6R,10,

8,ZZR600,10,

8,Vulcan 500,10,

8,Ninja 250R,10,

8,KLR650,10,

8,Ninja ZX-10R,10,

8,Ninja ZX-14,10,

8,Vulcan 900,10,

8,Versys,10,

8,KLX250,10,

8,ER-6n,10,

8,Ninja ZX-14R,10,

8,Ninja 650,10,

8,Ninja 300,10,

8,Ninja H2,10,

8,KX85,10,

8,KX65,10,

8,KX250F,10,

8,KX450F,10,

1,CBR300R,11,

1,CBR500R,11,

1,CBR600RR,11,

1,CBR650F,11,

1,NC700X,11,

1,XR650L,11,

1,VFR 750F,11,

1,CBR300RA,11,

1,CBR500RA,11,

1,CRF450R,11,

1,CRF250R,11,

1,CRF150F,11,

1,CB500XL-CB500X,11,

1,CMX250-REBEL,11,

1,CTX700NL-CTX700N,11,

1,VT750C-SHADOW AERO,11,

1,VT1300CX-FURY,11,

1,VT1300CR-STATELINE,11,

1,CBR1000S/CBR1000RR,11,

2,GSF1250S,11,

2,GSX650F,11,

2,GSX1300RR,11,

2,GSX-R1000AL,11,

2,DR-Z400SM,11,

2,GSX600F,11,

2,GSF600S,11,

2,SV650/SV650S,11,

2,RM125,11,

2,RM250,11,

2,RM-Z250,11,

2,RM-Z450,11,

2,DR650SE,11,

2,GSX-R600,11,

2,GSX-R750,11,

2,GSX-R1000,11,

2,VZ800,11,

2,VZR1800,11,

2,GS500FK,11,

2,DL1000K,11,

3,YZF-R6,11,

3,YZF-R1,11,

3,FZ6R,11,

3,XVS13A,11,

3,FJR13A,11,

3,XVS95C,11,

3,FZ09,11,

3,XVS65,11,

3,YFZ450R,11,

3,XV19C,11,

3,XVS13C,11,

3,FZ07,11,

3,SR400,11,

3,YFZR3,11,

4,Trophy,11,

4,Daytona,11,

4,Trident,11,

4,Sprint,11,

4,Tiger,11,

4,Legend,11,

4,Adventurer,11,

4,Thunderbird,11,

4,Speed Triple,11,

4,Speed Four,11,

4,America,11,

4,Bonneville,11,

4,SpeedMaster,11,

4,Scrambler,11,

4,Thruxton,11,

4,Rocket III,11,

4,Street Triple,11,

4,TT600,11,

4,Street Twin,11,

4,Explorer,11,

4,Street Cup,11,

5,Switchback,11,

5,V-Rod,11,

5,Softail,11,

5,Fat Boy,11,

5,Road King,11,

5,Street Glide,11,

5,Road Glide Special,11,

5,Dyna Street Bob,11,

5,Dyna Fat Bob,11,

5,Dyna Wide Glide,11,

5,Sportster 1200,11,

5,Sportster XL883,11,

5,Electra Glide,11,

6,Multistrada,11,

6,Monster,11,

6,Hypermotard,11,

6,Streetfighter,11,

6,Diavel,11,

6,Scrambler 800,11,

6,Superbike,11,

7,Cross Roads,11,

7,Cross Country,11,

7,Vegas,11,

7,Gunner,11,

7,Judge,11,

7,Boardwalk,11,

7,Vision Tour,11,

7,Cross Country Tour,11,

7,Magnum,11,

7,High-Ball,11,

7,Jackpot,11,

7,Ness Magnum,11,

7,Hammer,11,

7,Cross Country LE,11,

7,Magnum X-1,11,

8,Vulcan 2000,11,

8,Vulcan 1600,11,

8,Vulcan 1500,11,

8,Z1000,11,

8,Ninja ZX-6R,11,

8,ZZR600,11,

8,Vulcan 500,11,

8,Ninja 250R,11,

8,KLR650,11,

8,Ninja ZX-10R,11,

8,Ninja ZX-14,11,

8,Vulcan 900,11,

8,Versys,11,

8,KLX250,11,

8,ER-6n,11,

8,Ninja ZX-14R,11,

8,Ninja 650,11,

8,Ninja 300,11,

8,Ninja H2,11,

8,KX85,11,

8,KX65,11,

8,KX250F,11,

8,KX450F,11,

1,CBR300R,9,

1,CBR500R,9,

1,CBR600RR,9,

1,CBR650F,9,

1,NC700X,9,

1,XR650L,9,

1,VFR 750F,9,

1,CBR300RA,9,

1,CBR500RA,9,

1,CRF450R,9,

1,CRF250R,9,

1,CRF150F,9,

1,CB500XL-CB500X,9,

1,CMX250-REBEL,9,

1,CTX700NL-CTX700N,9,

1,VT750C-SHADOW AERO,9,

1,VT1300CX-FURY,9,

1,VT1300CR-STATELINE,9,

1,CBR1000S/CBR1000RR,9,

2,GSF1250S,9,

2,GSX650F,9,

2,GSX1300RR,9,

2,GSX-R1000AL,9,

2,DR-Z400SM,9,

2,GSX600F,9,

2,GSF600S,9,

2,SV650/SV650S,9,

2,RM125,9,

2,RM250,9,

2,RM-Z250,9,

2,RM-Z450,9,

2,DR650SE,9,

2,GSX-R600,9,

2,GSX-R750,9,

2,GSX-R1000,9,

2,VZ800,9,

2,VZR1800,9,

2,GS500FK,9,

2,DL1000K,9,

3,YZF-R6,9,

3,YZF-R1,9,

3,FZ6R,9,

3,XVS13A,9,

3,FJR13A,9,

3,XVS95C,9,

3,FZ09,9,

3,XVS65,9,

3,YFZ450R,9,

3,XV19C,9,

3,XVS13C,9,

3,FZ07,9,

3,SR400,9,

3,YFZR3,9,

4,Trophy,9,

4,Daytona,9,

4,Trident,9,

4,Sprint,9,

4,Tiger,9,

4,Legend,9,

4,Adventurer,9,

4,Thunderbird,9,

4,Speed Triple,9,

4,Speed Four,9,

4,America,9,

4,Bonneville,9,

4,SpeedMaster,9,

4,Scrambler,9,

4,Thruxton,9,

4,Rocket III,9,

4,Street Triple,9,

4,TT600,9,

4,Street Twin,9,

4,Explorer,9,

4,Street Cup,9,

5,Switchback,9,

5,V-Rod,9,

5,Softail,9,

5,Fat Boy,9,

5,Road King,9,

5,Street Glide,9,

5,Road Glide Special,9,

5,Dyna Street Bob,9,

5,Dyna Fat Bob,9,

5,Dyna Wide Glide,9,

5,Sportster 1200,9,

5,Sportster XL883,9,

5,Electra Glide,9,

6,Multistrada,9,

6,Monster,9,

6,Hypermotard,9,

6,Streetfighter,9,

6,Diavel,9,

6,Scrambler 800,9,

6,Superbike,9,

7,Cross Roads,9,

7,Cross Country,9,

7,Vegas,9,

7,Gunner,9,

7,Judge,9,

7,Boardwalk,9,

7,Vision Tour,9,

7,Cross Country Tour,9,

7,Magnum,9,

7,High-Ball,9,

7,Jackpot,9,

7,Ness Magnum,9,

7,Hammer,9,

7,Cross Country LE,9,

7,Magnum X-1,9,

8,Vulcan 2000,9,

8,Vulcan 1600,9,

8,Vulcan 1500,9,

8,Z1000,9,

8,Ninja ZX-6R,9,

8,ZZR600,9,

8,Vulcan 500,9,

8,Ninja 250R,9,

8,KLR650,9,

8,Ninja ZX-10R,9,

8,Ninja ZX-14,9,

8,Vulcan 900,9,

8,Versys,9,

8,KLX250,9,

8,ER-6n,9,

8,Ninja ZX-14R,9,

8,Ninja 650,9,

8,Ninja 300,9,

8,Ninja H2,9,

8,KX85,9,

8,KX65,9,

8,KX250F,9,

8,KX450F,9,

1,CBR300R,8,

1,CBR500R,8,

1,CBR600RR,8,

1,CBR650F,8,

1,NC700X,8,

1,XR650L,8,

1,VFR 750F,8,

1,CBR300RA,8,

1,CBR500RA,8,

1,CRF450R,8,

1,CRF250R,8,

1,CRF150F,8,

1,CB500XL-CB500X,8,

1,CMX250-REBEL,8,

1,CTX700NL-CTX700N,8,

1,VT750C-SHADOW AERO,8,

1,VT1300CX-FURY,8,

1,VT1300CR-STATELINE,8,

1,CBR1000S/CBR1000RR,8,

2,GSF1250S,8,

2,GSX650F,8,

2,GSX1300RR,8,

2,GSX-R1000AL,8,

2,DR-Z400SM,8,

2,GSX600F,8,

2,GSF600S,8,

2,SV650/SV650S,8,

2,RM125,8,

2,RM250,8,

2,RM-Z250,8,

2,RM-Z450,8,

2,DR650SE,8,

2,GSX-R600,8,

2,GSX-R750,8,

2,GSX-R1000,8,

2,VZ800,8,

2,VZR1800,8,

2,GS500FK,8,

2,DL1000K,8,

3,YZF-R6,8,

3,YZF-R1,8,

3,FZ6R,8,

3,XVS13A,8,

3,FJR13A,8,

3,XVS95C,8,

3,FZ09,8,

3,XVS65,8,

3,YFZ450R,8,

3,XV19C,8,

3,XVS13C,8,

3,FZ07,8,

3,SR400,8,

3,YFZR3,8,

4,Trophy,8,

4,Daytona,8,

4,Trident,8,

4,Sprint,8,

4,Tiger,8,

4,Legend,8,

4,Adventurer,8,

4,Thunderbird,8,

4,Speed Triple,8,

4,Speed Four,8,

4,America,8,

4,Bonneville,8,

4,SpeedMaster,8,

4,Scrambler,8,

4,Thruxton,8,

4,Rocket III,8,

4,Street Triple,8,

4,TT600,8,

4,Street Twin,8,

4,Explorer,8,

4,Street Cup,8,

5,Switchback,8,

5,V-Rod,8,

5,Softail,8,

5,Fat Boy,8,

5,Road King,8,

5,Street Glide,8,

5,Road Glide Special,8,

5,Dyna Street Bob,8,

5,Dyna Fat Bob,8,

5,Dyna Wide Glide,8,

5,Sportster 1200,8,

5,Sportster XL883,8,

5,Electra Glide,8,

6,Multistrada,8,

6,Monster,8,

6,Hypermotard,8,

6,Streetfighter,8,

6,Diavel,8,

6,Scrambler 800,8,

6,Superbike,8,

7,Cross Roads,8,

7,Cross Country,8,

7,Vegas,8,

7,Gunner,8,

7,Judge,8,

7,Boardwalk,8,

7,Vision Tour,8,

7,Cross Country Tour,8,

7,Magnum,8,

7,High-Ball,8,

7,Jackpot,8,

7,Ness Magnum,8,

7,Hammer,8,

7,Cross Country LE,8,

7,Magnum X-1,8,

8,Vulcan 2000,8,

8,Vulcan 1600,8,

8,Vulcan 1500,8,

8,Z1000,8,

8,Ninja ZX-6R,8,

8,ZZR600,8,

8,Vulcan 500,8,

8,Ninja 250R,8,

8,KLR650,8,

8,Ninja ZX-10R,8,

8,Ninja ZX-14,8,

8,Vulcan 900,8,

8,Versys,8,

8,KLX250,8,

8,ER-6n,8,

8,Ninja ZX-14R,8,

8,Ninja 650,8,

8,Ninja 300,8,

8,Ninja H2,8,

8,KX85,8,

8,KX65,8,

8,KX250F,8,

8,KX450F,8,

1,CBR300R,8,

1,CBR500R,8,

1,CBR600RR,8,

1,CBR650F,8,

1,NC700X,8,

1,XR650L,8,

1,VFR 750F,8,

1,CBR300RA,8,

1,CBR500RA,8,

1,CRF450R,8,

1,CRF250R,8,

1,CRF150F,8,

1,CB500XL-CB500X,8,

1,CMX250-REBEL,8,

1,CTX700NL-CTX700N,8,

1,VT750C-SHADOW AERO,8,

1,VT1300CX-FURY,8,

1,VT1300CR-STATELINE,8,

1,CBR1000S/CBR1000RR,8,

2,GSF1250S,8,

2,GSX650F,8,

2,GSX1300RR,8,

2,GSX-R1000AL,8,

2,DR-Z400SM,8,

2,GSX600F,8,

2,GSF600S,8,

2,SV650/SV650S,8,

2,RM125,8,

2,RM250,8,

2,RM-Z250,8,

2,RM-Z450,8,

2,DR650SE,8,

2,GSX-R600,8,

2,GSX-R750,8,

2,GSX-R1000,8,

2,VZ800,8,

2,VZR1800,8,

2,GS500FK,8,

2,DL1000K,8,

3,YZF-R6,8,

3,YZF-R1,8,

3,FZ6R,8,

3,XVS13A,8,

3,FJR13A,8,

3,XVS95C,8,

3,FZ09,8,

3,XVS65,8,

3,YFZ450R,8,

3,XV19C,8,

3,XVS13C,8,

3,FZ07,8,

3,SR400,8,

3,YFZR3,8,

4,Trophy,8,

4,Daytona,8,

4,Trident,8,

4,Sprint,8,

4,Tiger,8,

4,Legend,8,

4,Adventurer,8,

4,Thunderbird,8,

4,Speed Triple,8,

4,Speed Four,8,

4,America,8,

4,Bonneville,8,

4,SpeedMaster,8,

4,Scrambler,8,

4,Thruxton,8,

4,Rocket III,8,

4,Street Triple,8,

4,TT600,8,

4,Street Twin,8,

4,Explorer,8,

4,Street Cup,8,

5,Switchback,8,

5,V-Rod,8,

5,Softail,8,

5,Fat Boy,8,

5,Road King,8,

5,Street Glide,8,

5,Road Glide Special,8,

5,Dyna Street Bob,8,

5,Dyna Fat Bob,8,

5,Dyna Wide Glide,8,

5,Sportster 1200,8,

5,Sportster XL883,8,

5,Electra Glide,8,

6,Multistrada,8,

6,Monster,8,

6,Hypermotard,8,

6,Streetfighter,8,

6,Diavel,8,

6,Scrambler 800,8,

6,Superbike,8,

7,Cross Roads,8,

7,Cross Country,8,

7,Vegas,8,

7,Gunner,8,

7,Judge,8,

7,Boardwalk,8,

7,Vision Tour,8,

7,Cross Country Tour,8,

7,Magnum,8,

7,High-Ball,8,

7,Jackpot,8,

7,Ness Magnum,8,

7,Hammer,8,

7,Cross Country LE,8,

7,Magnum X-1,8,

8,Vulcan 2000,8,

8,Vulcan 1600,8,

8,Vulcan 1500,8,

8,Z1000,8,

8,Ninja ZX-6R,8,

8,ZZR600,8,

8,Vulcan 500,8,

8,Ninja 250R,8,

8,KLR650,8,

8,Ninja ZX-10R,8,

8,Ninja ZX-14,8,

8,Vulcan 900,8,

8,Versys,8,

8,KLX250,8,

8,ER-6n,8,

8,Ninja ZX-14R,8,

8,Ninja 650,8,

8,Ninja 300,8,

8,Ninja H2,8,

8,KX85,8,

8,KX65,8,

8,KX250F,8,

8,KX450F,8,

1,CBR300R,8,

1,CBR500R,8,

1,CBR600RR,8,

1,CBR650F,8,

1,NC700X,8,

1,XR650L,8,

1,VFR 750F,8,

1,CBR300RA,8,

1,CBR500RA,8,

1,CRF450R,8,

1,CRF250R,8,

1,CRF150F,8,

1,CB500XL-CB500X,8,

1,CMX250-REBEL,8,

1,CTX700NL-CTX700N,8,

1,VT750C-SHADOW AERO,8,

1,VT1300CX-FURY,8,

1,VT1300CR-STATELINE,8,

1,CBR1000S/CBR1000RR,8,

1,CBR300R,7,

1,CBR500R,7,

1,CBR600RR,7,

1,CBR650F,7,

1,NC700X,7,

1,XR650L,7,

1,VFR 750F,7,

1,CBR300RA,7,

1,CBR500RA,7,

1,CRF450R,7,

1,CRF250R,7,

1,CRF150F,7,

1,CB500XL-CB500X,7,

1,CMX250-REBEL,7,

1,CTX700NL-CTX700N,7,

1,VT750C-SHADOW AERO,7,

1,VT1300CX-FURY,7,

1,VT1300CR-STATELINE,7,

1,CBR1000S/CBR1000RR,7,

2,GSF1250S,7,

2,GSX650F,7,

2,GSX1300RR,7,

2,GSX-R1000AL,7,

2,DR-Z400SM,7,

2,GSX600F,7,

2,GSF600S,7,

2,SV650/SV650S,7,

2,RM125,7,

2,RM250,7,

2,RM-Z250,7,

2,RM-Z450,7,

2,DR650SE,7,

2,GSX-R600,7,

2,GSX-R750,7,

2,GSX-R1000,7,

2,VZ800,7,

2,VZR1800,7,

2,GS500FK,7,

2,DL1000K,7,

3,YZF-R6,7,

3,YZF-R1,7,

3,FZ6R,7,

3,XVS13A,7,

3,FJR13A,7,

3,XVS95C,7,

3,FZ09,7,

3,XVS65,7,

3,YFZ450R,7,

3,XV19C,7,

3,XVS13C,7,

3,FZ07,7,

3,SR400,7,

3,YFZR3,7,

4,Trophy,7,

4,Daytona,7,

4,Trident,7,

4,Sprint,7,

4,Tiger,7,

4,Legend,7,

4,Adventurer,7,

4,Thunderbird,7,

4,Speed Triple,7,

4,Speed Four,7,

4,America,7,

4,Bonneville,7,

4,SpeedMaster,7,

4,Scrambler,7,

4,Thruxton,7,

4,Rocket III,7,

4,Street Triple,7,

4,TT600,7,

4,Street Twin,7,

4,Explorer,7,

4,Street Cup,7,

5,Switchback,7,

5,V-Rod,7,

5,Softail,7,

5,Fat Boy,7,

5,Road King,7,

5,Street Glide,7,

5,Road Glide Special,7,

5,Dyna Street Bob,7,

5,Dyna Fat Bob,7,

5,Dyna Wide Glide,7,

5,Sportster 1200,7,

5,Sportster XL883,7,

5,Electra Glide,7,

6,Multistrada,7,

6,Monster,7,

6,Hypermotard,7,

6,Streetfighter,7,

6,Diavel,7,

6,Scrambler 800,7,

6,Superbike,7,

7,Cross Roads,7,

7,Cross Country,7,

7,Vegas,7,

7,Gunner,7,

7,Judge,7,

7,Boardwalk,7,

7,Vision Tour,7,

7,Cross Country Tour,7,

7,Magnum,7,

7,High-Ball,7,

7,Jackpot,7,

7,Ness Magnum,7,

7,Hammer,7,

7,Cross Country LE,7,

7,Magnum X-1,7,

8,Vulcan 2000,7,

8,Vulcan 1600,7,

8,Vulcan 1500,7,

8,Z1000,7,

8,Ninja ZX-6R,7,

8,ZZR600,7,

8,Vulcan 500,7,

8,Ninja 250R,7,

8,KLR650,7,

8,Ninja ZX-10R,7,

8,Ninja ZX-14,7,

8,Vulcan 900,7,

8,Versys,7,

8,KLX250,7,

8,ER-6n,7,

8,Ninja ZX-14R,7,

8,Ninja 650,7,

8,Ninja 300,7,

8,Ninja H2,7,

8,KX85,7,

8,KX65,7,

8,KX250F,7,

8,KX450F,7,

1,CBR300R,6,

1,CBR500R,6,

1,CBR600RR,6,

1,CBR650F,6,

1,NC700X,6,

1,XR650L,6,

1,VFR 750F,6,

1,CBR300RA,6,

1,CBR500RA,6,

1,CRF450R,6,

1,CRF250R,6,

1,CRF150F,6,

1,CB500XL-CB500X,6,

1,CMX250-REBEL,6,

1,CTX700NL-CTX700N,6,

1,VT750C-SHADOW AERO,6,

1,VT1300CX-FURY,6,

1,VT1300CR-STATELINE,6,

1,CBR1000S/CBR1000RR,6,

2,GSF1250S,6,

2,GSX650F,6,

2,GSX1300RR,6,

2,GSX-R1000AL,6,

2,DR-Z400SM,6,

2,GSX600F,6,

2,GSF600S,6,

2,SV650/SV650S,6,

2,RM125,6,

2,RM250,6,

2,RM-Z250,6,

2,RM-Z450,6,

2,DR650SE,6,

2,GSX-R600,6,

2,GSX-R750,6,

2,GSX-R1000,6,

2,VZ800,6,

2,VZR1800,6,

2,GS500FK,6,

2,DL1000K,6,

3,YZF-R6,6,

3,YZF-R1,6,

3,FZ6R,6,

3,XVS13A,6,

3,FJR13A,6,

3,XVS95C,6,

3,FZ09,6,

3,XVS65,6,

3,YFZ450R,6,

3,XV19C,6,

3,XVS13C,6,

3,FZ07,6,

3,SR400,6,

3,YFZR3,6,

4,Trophy,6,

4,Daytona,6,

4,Trident,6,

4,Sprint,6,

4,Tiger,6,

4,Legend,6,

4,Adventurer,6,

4,Thunderbird,6,

4,Speed Triple,6,

4,Speed Four,6,

4,America,6,

4,Bonneville,6,

4,SpeedMaster,6,

4,Scrambler,6,

4,Thruxton,6,

4,Rocket III,6,

4,Street Triple,6,

4,TT600,6,

4,Street Twin,6,

4,Explorer,6,

4,Street Cup,6,

5,Switchback,6,

5,V-Rod,6,

5,Softail,6,

5,Fat Boy,6,

5,Road King,6,

5,Street Glide,6,

5,Road Glide Special,6,

5,Dyna Street Bob,6,

5,Dyna Fat Bob,6,

5,Dyna Wide Glide,6,

5,Sportster 1200,6,

5,Sportster XL883,6,

5,Electra Glide,6,

6,Multistrada,6,

6,Monster,6,

6,Hypermotard,6,

6,Streetfighter,6,

6,Diavel,6,

6,Scrambler 800,6,

6,Superbike,6,

7,Cross Roads,6,

7,Cross Country,6,

7,Vegas,6,

7,Gunner,6,

7,Judge,6,

7,Boardwalk,6,

7,Vision Tour,6,

7,Cross Country Tour,6,

7,Magnum,6,

7,High-Ball,6,

7,Jackpot,6,

7,Ness Magnum,6,

7,Hammer,6,

7,Cross Country LE,6,

7,Magnum X-1,6,

8,Vulcan 2000,6,

8,Vulcan 1600,6,

8,Vulcan 1500,6,

8,Z1000,6,

8,Ninja ZX-6R,6,

8,ZZR600,6,

8,Vulcan 500,6,

8,Ninja 250R,6,

8,KLR650,6,

8,Ninja ZX-10R,6,

8,Ninja ZX-14,6,

8,Vulcan 900,6,

8,Versys,6,

8,KLX250,6,

8,ER-6n,6,

8,Ninja ZX-14R,6,

8,Ninja 650,6,

8,Ninja 300,6,

8,Ninja H2,6,

8,KX85,6,

8,KX65,6,

8,KX250F,6,

8,KX450F,6,

1,CBR300R,5,

1,CBR500R,5,

1,CBR600RR,5,

1,CBR650F,5,

1,NC700X,5,

1,XR650L,5,

1,VFR 750F,5,

1,CBR300RA,5,

1,CBR500RA,5,

1,CRF450R,5,

1,CRF250R,5,

1,CRF150F,5,

1,CB500XL-CB500X,5,

1,CMX250-REBEL,5,

1,CTX700NL-CTX700N,5,

1,VT750C-SHADOW AERO,5,

1,VT1300CX-FURY,5,

1,VT1300CR-STATELINE,5,

1,CBR1000S/CBR1000RR,5,

2,GSF1250S,5,

2,GSX650F,5,

2,GSX1300RR,5,

2,GSX-R1000AL,5,

2,DR-Z400SM,5,

2,GSX600F,5,

2,GSF600S,5,

2,SV650/SV650S,5,

2,RM125,5,

2,RM250,5,

2,RM-Z250,5,

2,RM-Z450,5,

2,DR650SE,5,

2,GSX-R600,5,

2,GSX-R750,5,

2,GSX-R1000,5,

2,VZ800,5,

2,VZR1800,5,

2,GS500FK,5,

2,DL1000K,5,

3,YZF-R6,5,

3,YZF-R1,5,

3,FZ6R,5,

3,XVS13A,5,

3,FJR13A,5,

3,XVS95C,5,

3,FZ09,5,

3,XVS65,5,

3,YFZ450R,5,

3,XV19C,5,

3,XVS13C,5,

3,FZ07,5,

3,SR400,5,

3,YFZR3,5,

4,Trophy,5,

4,Daytona,5,

4,Trident,5,

4,Sprint,5,

4,Tiger,5,

4,Legend,5,

4,Adventurer,5,

4,Thunderbird,5,

4,Speed Triple,5,

4,Speed Four,5,

4,America,5,

4,Bonneville,5,

4,SpeedMaster,5,

4,Scrambler,5,

4,Thruxton,5,

4,Rocket III,5,

4,Street Triple,5,

4,TT600,5,

4,Street Twin,5,

4,Explorer,5,

4,Street Cup,5,

5,Switchback,5,

5,V-Rod,5,

5,Softail,5,

5,Fat Boy,5,

5,Road King,5,

5,Street Glide,5,

5,Road Glide Special,5,

5,Dyna Street Bob,5,

5,Dyna Fat Bob,5,

5,Dyna Wide Glide,5,

5,Sportster 1200,5,

5,Sportster XL883,5,

5,Electra Glide,5,

6,Multistrada,5,

6,Monster,5,

6,Hypermotard,5,

6,Streetfighter,5,

6,Diavel,5,

6,Scrambler 800,5,

6,Superbike,5,

7,Cross Roads,5,

7,Cross Country,5,

7,Vegas,5,

7,Gunner,5,

7,Judge,5,

7,Boardwalk,5,

7,Vision Tour,5,

7,Cross Country Tour,5,

7,Magnum,5,

7,High-Ball,5,

7,Jackpot,5,

7,Ness Magnum,5,

7,Hammer,5,

7,Cross Country LE,5,

7,Magnum X-1,5,

8,Vulcan 2000,5,

8,Vulcan 1600,5,

8,Vulcan 1500,5,

8,Z1000,5,

8,Ninja ZX-6R,5,

8,ZZR600,5,

8,Vulcan 500,5,

8,Ninja 250R,5,

8,KLR650,5,

8,Ninja ZX-10R,5,

8,Ninja ZX-14,5,

8,Vulcan 900,5,

8,Versys,5,

8,KLX250,5,

8,ER-6n,5,

8,Ninja ZX-14R,5,

8,Ninja 650,5,

8,Ninja 300,5,

8,Ninja H2,5,

8,KX85,5,

8,KX65,5,

8,KX250F,5,

8,KX450F,5,

1,CBR300R,4,

1,CBR500R,4,

1,CBR600RR,4,

1,CBR650F,4,

1,NC700X,4,

1,XR650L,4,

1,VFR 750F,4,

1,CBR300RA,4,

1,CBR500RA,4,

1,CRF450R,4,

1,CRF250R,4,

1,CRF150F,4,

1,CB500XL-CB500X,4,

1,CMX250-REBEL,4,

1,CTX700NL-CTX700N,4,

1,VT750C-SHADOW AERO,4,

1,VT1300CX-FURY,4,

1,VT1300CR-STATELINE,4,

1,CBR1000S/CBR1000RR,4,

2,GSF1250S,4,

2,GSX650F,4,

2,GSX1300RR,4,

2,GSX-R1000AL,4,

2,DR-Z400SM,4,

2,GSX600F,4,

2,GSF600S,4,

2,SV650/SV650S,4,

2,RM125,4,

2,RM250,4,

2,RM-Z250,4,

2,RM-Z450,4,

2,DR650SE,4,

2,GSX-R600,4,

2,GSX-R750,4,

2,GSX-R1000,4,

2,VZ800,4,

2,VZR1800,4,

2,GS500FK,4,

2,DL1000K,4,

3,YZF-R6,4,

3,YZF-R1,4,

3,FZ6R,4,

3,XVS13A,4,

3,FJR13A,4,

3,XVS95C,4,

3,FZ09,4,

3,XVS65,4,

3,YFZ450R,4,

3,XV19C,4,

3,XVS13C,4,

3,FZ07,4,

3,SR400,4,

3,YFZR3,4,

4,Trophy,4,

4,Daytona,4,

4,Trident,4,

4,Sprint,4,

4,Tiger,4,

4,Legend,4,

4,Adventurer,4,

4,Thunderbird,4,

4,Speed Triple,4,

4,Speed Four,4,

4,America,4,

4,Bonneville,4,

4,SpeedMaster,4,

4,Scrambler,4,

4,Thruxton,4,

4,Rocket III,4,

4,Street Triple,4,

4,TT600,4,

4,Street Twin,4,

4,Explorer,4,

4,Street Cup,4,

5,Switchback,4,

5,V-Rod,4,

5,Softail,4,

5,Fat Boy,4,

5,Road King,4,

5,Street Glide,4,

5,Road Glide Special,4,

5,Dyna Street Bob,4,

5,Dyna Fat Bob,4,

5,Dyna Wide Glide,4,

5,Sportster 1200,4,

5,Sportster XL883,4,

5,Electra Glide,4,

6,Multistrada,4,

6,Monster,4,

6,Hypermotard,4,

6,Streetfighter,4,

6,Diavel,4,

6,Scrambler 800,4,

6,Superbike,4,

7,Cross Roads,4,

7,Cross Country,4,

7,Vegas,4,

7,Gunner,4,

7,Judge,4,

7,Boardwalk,4,

7,Vision Tour,4,

7,Cross Country Tour,4,

7,Magnum,4,

7,High-Ball,4,

7,Jackpot,4,

7,Ness Magnum,4,

7,Hammer,4,

7,Cross Country LE,4,

7,Magnum X-1,4,

8,Vulcan 2000,4,

8,Vulcan 1600,4,

8,Vulcan 1500,4,

8,Z1000,4,

8,Ninja ZX-6R,4,

8,ZZR600,4,

8,Vulcan 500,4,

8,Ninja 250R,4,

8,KLR650,4,

8,Ninja ZX-10R,4,

8,Ninja ZX-14,4,

8,Vulcan 900,4,

8,Versys,4,

8,KLX250,4,

8,ER-6n,4,

8,Ninja ZX-14R,4,

8,Ninja 650,4,

8,Ninja 300,4,

8,Ninja H2,4,

8,KX85,4,

8,KX65,4,

8,KX250F,4,

8,KX450F,4,

1,CBR300R,3,

1,CBR500R,3,

1,CBR600RR,3,

1,CBR650F,3,

1,NC700X,3,

1,XR650L,3,

1,VFR 750F,3,

1,CBR300RA,3,

1,CBR500RA,3,

1,CRF450R,3,

1,CRF250R,3,

1,CRF150F,3,

1,CB500XL-CB500X,3,

1,CMX250-REBEL,3,

1,CTX700NL-CTX700N,3,

1,VT750C-SHADOW AERO,3,

1,VT1300CX-FURY,3,

1,VT1300CR-STATELINE,3,

1,CBR1000S/CBR1000RR,3,

2,GSF1250S,3,

2,GSX650F,3,

2,GSX1300RR,3,

2,GSX-R1000AL,3,

2,DR-Z400SM,3,

2,GSX600F,3,

2,GSF600S,3,

2,SV650/SV650S,3,

2,RM125,3,

2,RM250,3,

2,RM-Z250,3,

2,RM-Z450,3,

2,DR650SE,3,

2,GSX-R600,3,

2,GSX-R750,3,

2,GSX-R1000,3,

2,VZ800,3,

2,VZR1800,3,

2,GS500FK,3,

2,DL1000K,3,

3,YZF-R6,3,

3,YZF-R1,3,

3,FZ6R,3,

3,XVS13A,3,

3,FJR13A,3,

3,XVS95C,3,

3,FZ09,3,

3,XVS65,3,

3,YFZ450R,3,

3,XV19C,3,

3,XVS13C,3,

3,FZ07,3,

3,SR400,3,

3,YFZR3,3,

4,Trophy,3,

4,Daytona,3,

4,Trident,3,

4,Sprint,3,

4,Tiger,3,

4,Legend,3,

4,Adventurer,3,

4,Thunderbird,3,

4,Speed Triple,3,

4,Speed Four,3,

4,America,3,

4,Bonneville,3,

4,SpeedMaster,3,

4,Scrambler,3,

4,Thruxton,3,

4,Rocket III,3,

4,Street Triple,3,

4,TT600,3,

4,Street Twin,3,

4,Explorer,3,

4,Street Cup,3,

5,Switchback,3,

5,V-Rod,3,

5,Softail,3,

5,Fat Boy,3,

5,Road King,3,

5,Street Glide,3,

5,Road Glide Special,3,

5,Dyna Street Bob,3,

5,Dyna Fat Bob,3,

5,Dyna Wide Glide,3,

5,Sportster 1200,3,

5,Sportster XL883,3,

5,Electra Glide,3,

6,Multistrada,3,

6,Monster,3,

6,Hypermotard,3,

6,Streetfighter,3,

6,Diavel,3,

6,Scrambler 800,3,

6,Superbike,3,

7,Cross Roads,3,

7,Cross Country,3,

7,Vegas,3,

7,Gunner,3,

7,Judge,3,

7,Boardwalk,3,

7,Vision Tour,3,

7,Cross Country Tour,3,

7,Magnum,3,

7,High-Ball,3,

7,Jackpot,3,

7,Ness Magnum,3,

7,Hammer,3,

7,Cross Country LE,3,

7,Magnum X-1,3,

8,Vulcan 2000,3,

8,Vulcan 1600,3,

8,Vulcan 1500,3,

8,Z1000,3,

8,Ninja ZX-6R,3,

8,ZZR600,3,

8,Vulcan 500,3,

8,Ninja 250R,3,

8,KLR650,3,

8,Ninja ZX-10R,3,

8,Ninja ZX-14,3,

8,Vulcan 900,3,

8,Versys,3,

8,KLX250,3,

8,ER-6n,3,

8,Ninja ZX-14R,3,

8,Ninja 650,3,

8,Ninja 300,3,

8,Ninja H2,3,

8,KX85,3,

8,KX65,3,

8,KX250F,3,

8,KX450F,3,

1,CBR300R,2,

1,CBR500R,2,

1,CBR600RR,2,

1,CBR650F,2,

1,NC700X,2,

1,XR650L,2,

1,VFR 750F,2,

1,CBR300RA,2,

1,CBR500RA,2,

1,CRF450R,2,

1,CRF250R,2,

1,CRF150F,2,

1,CB500XL-CB500X,2,

1,CMX250-REBEL,2,

1,CTX700NL-CTX700N,2,

1,VT750C-SHADOW AERO,2,

1,VT1300CX-FURY,2,

1,VT1300CR-STATELINE,2,

1,CBR1000S/CBR1000RR,2,

2,GSF1250S,2,

2,GSX650F,2,

2,GSX1300RR,2,

2,GSX-R1000AL,2,

2,DR-Z400SM,2,

2,GSX600F,2,

2,GSF600S,2,

2,SV650/SV650S,2,

2,RM125,2,

2,RM250,2,

2,RM-Z250,2,

2,RM-Z450,2,

2,DR650SE,2,

2,GSX-R600,2,

2,GSX-R750,2,

2,GSX-R1000,2,

2,VZ800,2,

2,VZR1800,2,

2,GS500FK,2,

2,DL1000K,2,

3,YZF-R6,2,

3,YZF-R1,2,

3,FZ6R,2,

3,XVS13A,2,

3,FJR13A,2,

3,XVS95C,2,

3,FZ09,2,

3,XVS65,2,

3,YFZ450R,2,

3,XV19C,2,

3,XVS13C,2,

3,FZ07,2,

3,SR400,2,

3,YFZR3,2,

4,Trophy,2,

4,Daytona,2,

4,Trident,2,

4,Sprint,2,

4,Tiger,2,

4,Legend,2,

4,Adventurer,2,

4,Thunderbird,2,

4,Speed Triple,2,

4,Speed Four,2,

4,America,2,

4,Bonneville,2,

4,SpeedMaster,2,

4,Scrambler,2,

4,Thruxton,2,

4,Rocket III,2,

4,Street Triple,2,

4,TT600,2,

4,Street Twin,2,

4,Explorer,2,

4,Street Cup,2,

5,Switchback,2,

5,V-Rod,2,

5,Softail,2,

5,Fat Boy,2,

5,Road King,2,

5,Street Glide,2,

5,Road Glide Special,2,

5,Dyna Street Bob,2,

5,Dyna Fat Bob,2,

5,Dyna Wide Glide,2,

5,Sportster 1200,2,

5,Sportster XL883,2,

5,Electra Glide,2,

6,Multistrada,2,

6,Monster,2,

6,Hypermotard,2,

6,Streetfighter,2,

6,Diavel,2,

6,Scrambler 800,2,

6,Superbike,2,

7,Cross Roads,2,

7,Cross Country,2,

7,Vegas,2,

7,Gunner,2,

7,Judge,2,

7,Boardwalk,2,

7,Vision Tour,2,

7,Cross Country Tour,2,

7,Magnum,2,

7,High-Ball,2,

7,Jackpot,2,

7,Ness Magnum,2,

7,Hammer,2,

7,Cross Country LE,2,

7,Magnum X-1,2,

8,Vulcan 2000,2,

8,Vulcan 1600,2,

8,Vulcan 1500,2,

8,Z1000,2,

8,Ninja ZX-6R,2,

8,ZZR600,2,

8,Vulcan 500,2,

8,Ninja 250R,2,

8,KLR650,2,

8,Ninja ZX-10R,2,

8,Ninja ZX-14,2,

8,Vulcan 900,2,

8,Versys,2,

8,KLX250,2,

8,ER-6n,2,

8,Ninja ZX-14R,2,

8,Ninja 650,2,

8,Ninja 300,2,

8,Ninja H2,2,

8,KX85,2,

8,KX65,2,

8,KX250F,2,

8,KX450F,2,

1,CBR300R,1,

1,CBR500R,1,

1,CBR600RR,1,

1,CBR650F,1,

1,NC700X,1,

1,XR650L,1,

1,VFR 750F,1,

1,CBR300RA,1,

1,CBR500RA,1,

1,CRF450R,1,

1,CRF250R,1,

1,CRF150F,1,

1,CB500XL-CB500X,1,

1,CMX250-REBEL,1,

1,CTX700NL-CTX700N,1,

1,VT750C-SHADOW AERO,1,

1,VT1300CX-FURY,1,

1,VT1300CR-STATELINE,1,

1,CBR1000S/CBR1000RR,1,

2,GSF1250S,1,

2,GSX650F,1,

2,GSX1300RR,1,

2,GSX-R1000AL,1,

2,DR-Z400SM,1,

2,GSX600F,1,

2,GSF600S,1,

2,SV650/SV650S,1,

2,RM125,1,

2,RM250,1,

2,RM-Z250,1,

2,RM-Z450,1,

2,DR650SE,1,

2,GSX-R600,1,

2,GSX-R750,1,

2,GSX-R1000,1,

2,VZ800,1,

2,VZR1800,1,

2,GS500FK,1,

2,DL1000K,1,

3,YZF-R6,1,

3,YZF-R1,1,

3,FZ6R,1,

3,XVS13A,1,

3,FJR13A,1,

3,XVS95C,1,

3,FZ09,1,

3,XVS65,1,

3,YFZ450R,1,

3,XV19C,1,

3,XVS13C,1,

3,FZ07,1,

3,SR400,1,

3,YFZR3,1,

4,Trophy,1,

4,Daytona,1,

4,Trident,1,

4,Sprint,1,

4,Tiger,1,

4,Legend,1,

4,Adventurer,1,

4,Thunderbird,1,

4,Speed Triple,1,

4,Speed Four,1,

4,America,1,

4,Bonneville,1,

4,SpeedMaster,1,

4,Scrambler,1,

4,Thruxton,1,

4,Rocket III,1,

4,Street Triple,1,

4,TT600,1,

4,Street Twin,1,

4,Explorer,1,

4,Street Cup,1,

5,Switchback,1,

5,V-Rod,1,

5,Softail,1,

5,Fat Boy,1,

5,Road King,1,

5,Street Glide,1,

5,Road Glide Special,1,

5,Dyna Street Bob,1,

5,Dyna Fat Bob,1,

5,Dyna Wide Glide,1,

5,Sportster 1200,1,

5,Sportster XL883,1,

5,Electra Glide,1,

6,Multistrada,1,

6,Monster,1,

6,Hypermotard,1,

6,Streetfighter,1,

6,Diavel,1,

6,Scrambler 800,1,

6,Superbike,1,

7,Cross Roads,1,

7,Cross Country,1,

7,Vegas,1,

7,Gunner,1,

7,Judge,1,

7,Boardwalk,1,

7,Vision Tour,1,

7,Cross Country Tour,1,

7,Magnum,1,

7,High-Ball,1,

7,Jackpot,1,

7,Ness Magnum,1,

7,Hammer,1,

7,Cross Country LE,1,

7,Magnum X-1,1,

8,Vulcan 2000,1,

8,Vulcan 1600,1,

8,Vulcan 1500,1,

8,Z1000,1,

8,Ninja ZX-6R,1,

8,ZZR600,1,

8,Vulcan 500,1,

8,Ninja 250R,1,

8,KLR650,1,

8,Ninja ZX-10R,1,

8,Ninja ZX-14,1,

8,Vulcan 900,1,

8,Versys,1,

8,KLX250,1,

8,ER-6n,1,

8,Ninja ZX-14R,1,

8,Ninja 650,1,

8,Ninja 300,1,

8,Ninja H2,1,

8,KX85,1,

8,KX65,1,

8,KX250F,1,

8,KX450F,1,

